{"graph": {"_type": "graph-file", "path": "media/graph/g.r.a.p.h_summary_071be036.graph.json", "sha256": "071be0361a6f0f2e09e4c277ee7b48d932e21a5bab6a0fbdffc3149ec4f581e4", "size": 1900}, "epoch": 199, "loss": 0.06415100356250432, "accuracy": 0.9797570705413818, "_step": 199, "_runtime": 35, "_timestamp": 1607631639}